Title,URL handle,Vendor,Product category,Type,Tags,Published on online store,Status,Option1 name,Option1 value,Option2 name,Option2 value,Price,Charge tax,Weight value (grams),Weight unit for display,Requires shipping,Fulfillment service,Product image URL,Image position,Image alt text
Biryani / Pulav Masala,biryani-pulav-masala,Dhanhar Vishesh,"Food, Beverages & Tobacco > Food Items > Seasonings & Spices",Premium Blended Spices,"premium-blended-spices, rozmarra-rasoi, box, jain-friendly",true,Active,Pack Size,100g,Pack Type,Box,120,true,100,g,true,manual,https://cdn.shopify.com/s/files/1/0701/6762/5841/files/49_800x800.png,1,Biryani / Pulav Masala product pack
Rock Salt,rock-salt,Dhanhar Vishesh,"Food, Beverages & Tobacco > Food Items > Seasonings & Spices",Upwas Products,"upwas-products, vrat-ki-thali, pouch, jain-friendly",true,Active,Pack Size,1kg,Pack Type,Pouch,110,true,1000,g,true,manual,https://cdn.shopify.com/s/files/1/0701/6762/5841/files/55_800x800.png,1,Rock Salt product pack
Rajwadi Garam Masala,rajwadi-garam-masala,Dhanhar Vishesh,"Food, Beverages & Tobacco > Food Items > Seasonings & Spices",Premium Blended Spices,"premium-blended-spices, rozmarra-rasoi, pouch, jain-friendly",true,Active,Pack Size,100g,Pack Type,Pouch,85,true,100,g,true,manual,https://cdn.shopify.com/s/files/1/0701/6762/5841/files/57_800x800.png,1,Rajwadi Garam Masala product pack
,rajwadi-garam-masala,,,,,,,Pack Size,200g,Pack Type,Pouch,165,true,200,g,true,manual,,,
,rajwadi-garam-masala,,,,,,,Pack Size,500g,Pack Type,Pouch,410,true,500,g,true,manual,,,
Punjabi Gravy Masala,punjabi-gravy-masala,Dhanhar Vishesh,"Food, Beverages & Tobacco > Food Items > Seasonings & Spices",Premium Blended Spices,"premium-blended-spices, rozmarra-rasoi, box, jar, jain-friendly",true,Active,Pack Size,100g,Pack Type,Box,100,true,100,g,true,manual,https://cdn.shopify.com/s/files/1/0701/6762/5841/files/59_800x800.png,1,Punjabi Gravy Masala product pack
,punjabi-gravy-masala,,,,,,,Pack Size,500g,Pack Type,Jar,490,true,500,g,true,manual,,,
Rajgara Atta,rajgara-atta,Dhanhar Vishesh,"Food, Beverages & Tobacco > Food Items > Baking Ingredients > Flour",Upwas Products,"upwas-products, vrat-ki-thali, pouch, jain-friendly",true,Active,Pack Size,100g,Pack Type,Pouch,40,true,100,g,true,manual,https://cdn.shopify.com/s/files/1/0701/6762/5841/files/61_800x800.png,1,Rajgara Atta product pack
,rajgara-atta,,,,,,,Pack Size,200g,Pack Type,Pouch,70,true,200,g,true,manual,,,
,rajgara-atta,,,,,,,Pack Size,500g,Pack Type,Pouch,170,true,500,g,true,manual,,,
Methi Powder,methi-powder,Dhanhar Vishesh,"Food, Beverages & Tobacco > Food Items > Seasonings & Spices",Essential Powder Products,"essential-powder-products, rozmarra-rasoi, pouch, jain-friendly",true,Active,Pack Size,500g,Pack Type,Pouch,130,true,500,g,true,manual,https://cdn.shopify.com/s/files/1/0701/6762/5841/files/71_800x800.png,1,Methi Powder product pack
Chhas Masala,chhas-masala,Dhanhar Vishesh,"Food, Beverages & Tobacco > Food Items > Seasonings & Spices",Premium Blended Spices,"premium-blended-spices, rozmarra-rasoi, pouch, jar, jain-friendly",true,Active,Pack Size,17g,Pack Type,Pouch,15,true,17,g,true,manual,https://cdn.shopify.com/s/files/1/0701/6762/5841/files/87_800x800.png,1,Chhas Masala product pack
,chhas-masala,,,,,,,Pack Size,200g,Pack Type,Pouch,125,true,200,g,true,manual,,,
,chhas-masala,,,,,,,Pack Size,500g,Pack Type,Jar,360,true,500,g,true,manual,,,
Chat Masala,chat-masala,Dhanhar Vishesh,"Food, Beverages & Tobacco > Food Items > Seasonings & Spices",Premium Blended Spices,"premium-blended-spices, rozmarra-rasoi, box, jar, jain-friendly",true,Active,Pack Size,100g,Pack Type,Box,65,true,100,g,true,manual,https://cdn.shopify.com/s/files/1/0701/6762/5841/files/89_800x800.png,1,Chat Masala product pack
,chat-masala,,,,,,,Pack Size,500g,Pack Type,Jar,300,true,500,g,true,manual,,,
Chhole-Chana Masala,chhole-chana-masala,Dhanhar Vishesh,"Food, Beverages & Tobacco > Food Items > Seasonings & Spices",Premium Blended Spices,"premium-blended-spices, rozmarra-rasoi, box, jar, not-jain-friendly",true,Active,Pack Size,100g,Pack Type,Box,110,true,100,g,true,manual,https://cdn.shopify.com/s/files/1/0701/6762/5841/files/91_800x800.png,1,Chhole-Chana Masala product pack
,chhole-chana-masala,,,,,,,Pack Size,500g,Pack Type,Jar,540,true,500,g,true,manual,,,
Classic Garam Masala,classic-garam-masala,Dhanhar Vishesh,"Food, Beverages & Tobacco > Food Items > Seasonings & Spices",Premium Blended Spices,"premium-blended-spices, rozmarra-rasoi, pouch, jain-friendly",true,Active,Pack Size,50g,Pack Type,Pouch,35,true,50,g,true,manual,https://cdn.shopify.com/s/files/1/0701/6762/5841/files/93_800x800.png,1,Classic Garam Masala product pack
Black Salt,black-salt,Dhanhar Vishesh,"Food, Beverages & Tobacco > Food Items > Seasonings & Spices",Essential Powder Products,"essential-powder-products, rozmarra-rasoi, pouch, jain-friendly",true,Active,Pack Size,1kg,Pack Type,Pouch,105,true,1000,g,true,manual,https://cdn.shopify.com/s/files/1/0701/6762/5841/files/97_800x800.png,1,Black Salt product pack
Gol Keri Aachar Masala,gol-keri-aachar-masala,Dhanhar Vishesh,"Food, Beverages & Tobacco > Food Items > Seasonings & Spices",Aachar Masala Products,"aachar-masala-products, pouch",true,Active,Pack Size,200g,Pack Type,Pouch,150,true,200,g,true,manual,https://cdn.shopify.com/s/files/1/0701/6762/5841/files/101_800x800.png,1,Gol Keri Aachar Masala product pack
,gol-keri-aachar-masala,,,,,,,Pack Size,500g,Pack Type,Pouch,350,true,500,g,true,manual,,,
,gol-keri-aachar-masala,,,,,,,,,,,,,,,,,https://cdn.shopify.com/s/files/1/0701/6762/5841/files/102_800x800.png,2,Gol Keri Aachar Masala back of pack
Green Label Compound Hing,green-label-compound-hing,Dhanhar Vishesh,"Food, Beverages & Tobacco > Food Items > Seasonings & Spices",Asafoetida (Hing),"asafoetida-hing, hing-ka-tadka, pouch, jain-friendly",true,Active,Pack Size,500g,Pack Type,Pouch,540,true,500,g,true,manual,https://cdn.shopify.com/s/files/1/0701/6762/5841/files/103_800x800.png,1,Green Label Compound Hing product pack
,green-label-compound-hing,,,,,,,,,,,,,,,,,https://cdn.shopify.com/s/files/1/0701/6762/5841/files/104_800x800.png,2,Green Label Compound Hing back of pack
Red Label Compound Hing,red-label-compound-hing,Dhanhar Vishesh,"Food, Beverages & Tobacco > Food Items > Seasonings & Spices",Asafoetida (Hing),"asafoetida-hing, hing-ka-tadka, pouch, jain-friendly",true,Active,Pack Size,500g,Pack Type,Pouch,255,true,500,g,true,manual,https://cdn.shopify.com/s/files/1/0701/6762/5841/files/105_800x800.png,1,Red Label Compound Hing product pack
,red-label-compound-hing,,,,,,,,,,,,,,,,,https://cdn.shopify.com/s/files/1/0701/6762/5841/files/106_800x800.png,2,Red Label Compound Hing back of pack
Black Label Compound Hing,black-label-compound-hing,Dhanhar Vishesh,"Food, Beverages & Tobacco > Food Items > Seasonings & Spices",Asafoetida (Hing),"asafoetida-hing, hing-ka-tadka, pouch",true,Active,Pack Size,500g,Pack Type,Pouch,470,true,500,g,true,manual,https://cdn.shopify.com/s/files/1/0701/6762/5841/files/107_800x800.png,1,Black Label Compound Hing product pack
,black-label-compound-hing,,,,,,,,,,,,,,,,,https://cdn.shopify.com/s/files/1/0701/6762/5841/files/108_800x800.png,2,Black Label Compound Hing back of pack
Chevdo Masala,chevdo-masala,Dhanhar Vishesh,"Food, Beverages & Tobacco > Food Items > Seasonings & Spices",Rs.10/- Masala Products,"rs-10-masala-products, jhatpat-jugad, pouch, jain-friendly",true,Active,Pack Size,20g,Pack Type,Pouch,15,true,20,g,true,manual,https://cdn.shopify.com/s/files/1/0701/6762/5841/files/109_800x800.png,1,Chevdo Masala product pack
Premium Compound Hing Powder,premium-compound-hing-powder,Dhanhar Vishesh,"Food, Beverages & Tobacco > Food Items > Seasonings & Spices",Asafoetida (Hing),"asafoetida-hing, hing-ka-tadka, pouch, jain-friendly",true,Active,Pack Size,100g,Pack Type,Pouch,120,true,100,g,true,manual,https://cdn.shopify.com/s/files/1/0701/6762/5841/files/111_800x800.png,1,Premium Compound Hing Powder product pack
,premium-compound-hing-powder,,,,,,,Pack Size,200g,Pack Type,Pouch,240,true,200,g,true,manual,,,
,premium-compound-hing-powder,,,,,,,Pack Size,500g,Pack Type,Pouch,600,true,500,g,true,manual,,,
Idli-Sambar Masala,idli-sambar-masala,Dhanhar Vishesh,"Food, Beverages & Tobacco > Food Items > Seasonings & Spices",Premium Blended Spices,"premium-blended-spices, rozmarra-rasoi, box, pouch, jain-friendly",true,Active,Pack Size,100g,Pack Type,Box,100,true,100,g,true,manual,https://cdn.shopify.com/s/files/1/0701/6762/5841/files/114_800x800.png,1,Idli-Sambar Masala product pack
,idli-sambar-masala,,,,,,,Pack Size,500g,Pack Type,Pouch,450,true,500,g,true,manual,,,
Undiyu Masala,undiyu-masala,Dhanhar Vishesh,"Food, Beverages & Tobacco > Food Items > Seasonings & Spices",Premium Blended Spices,"premium-blended-spices, rozmarra-rasoi, box, jain-friendly",true,Active,Pack Size,50g,Pack Type,Box,50,true,50,g,true,manual,https://cdn.shopify.com/s/files/1/0701/6762/5841/files/115_800x800.png,1,Undiyu Masala product pack
Shingoda Atta,shingoda-atta,Dhanhar Vishesh,"Food, Beverages & Tobacco > Food Items > Baking Ingredients > Flour",Upwas Products,"upwas-products, vrat-ki-thali, pouch, jain-friendly",true,Active,Pack Size,100g,Pack Type,Pouch,60,true,100,g,true,manual,https://cdn.shopify.com/s/files/1/0701/6762/5841/files/116_800x800.png,1,Shingoda Atta product pack
,shingoda-atta,,,,,,,Pack Size,500g,Pack Type,Pouch,270,true,500,g,true,manual,,,
